case_id,synthetic_label,sku,product_name,category,current_stock,safety_stock,reorder_point,target_stock_level,daily_velocity,supplier_lead_time_days,lead_time_days,unit_cost_usd,selling_price_usd,supplier_moq,supplier_name,supplier_reliability_score,supplier_reliability,shelf_life_days,warehouse_volume_cuft,open_purchase_orders,upcoming_event,notes,ground_truth_decision,ground_truth_outcome,ground_truth_optimal_quantity,required_evidence,relevant_counterargument,evaluation_notes
CASE-SYNTH-001,SYNTHETIC-DEMO-DATASET-V1,SKU-SYNTH-001,Standard Replenishment Item 1 (Electronics),Electronics,19,30,82,173,6.5,8,8,13.75,30.25,50,Global Prime Supplier 1,0.94,0.94,365,0.8,0,Standard Operations,Standard demand pattern with high supplier SLA compliance.,Reorder full batch of 250 units to restore target buffer.,AGREES,250,current_stock; daily_velocity; supplier_lead_time_days; supplier_moq,Working capital exposure is justified by consistent turnover velocity.,Initial single-pass reorder is robust; self-challenge should validate and confirm AGREES.
CASE-SYNTH-002,SYNTHETIC-DEMO-DATASET-V1,SKU-SYNTH-002,Standard Replenishment Item 2 (Perishable Foods),Perishable Foods,24,30,102,214,8.0,9,9,17.5,38.5,25,Global Prime Supplier 2,0.94,0.94,365,0.8,0,Standard Operations,Standard demand pattern with high supplier SLA compliance.,Reorder full batch of 275 units to restore target buffer.,AGREES,275,current_stock; daily_velocity; supplier_lead_time_days; supplier_moq,Working capital exposure is justified by consistent turnover velocity.,Initial single-pass reorder is robust; self-challenge should validate and confirm AGREES.
CASE-SYNTH-003,SYNTHETIC-DEMO-DATASET-V1,SKU-SYNTH-003,Standard Replenishment Item 3 (Pharmaceuticals),Pharmaceuticals,28,30,125,258,9.5,10,10,21.25,46.75,50,Global Prime Supplier 3,0.94,0.94,365,0.8,0,Standard Operations,Standard demand pattern with high supplier SLA compliance.,Reorder full batch of 350 units to restore target buffer.,AGREES,350,current_stock; daily_velocity; supplier_lead_time_days; supplier_moq,Working capital exposure is justified by consistent turnover velocity.,Initial single-pass reorder is robust; self-challenge should validate and confirm AGREES.
CASE-SYNTH-004,SYNTHETIC-DEMO-DATASET-V1,SKU-SYNTH-004,Standard Replenishment Item 4 (Industrial Supplies),Industrial Supplies,33,30,151,305,11.0,11,11,25.0,55.0,25,Global Prime Supplier 4,0.94,0.94,365,0.8,0,Standard Operations,Standard demand pattern with high supplier SLA compliance.,Reorder full batch of 400 units to restore target buffer.,AGREES,400,current_stock; daily_velocity; supplier_lead_time_days; supplier_moq,Working capital exposure is justified by consistent turnover velocity.,Initial single-pass reorder is robust; self-challenge should validate and confirm AGREES.
CASE-SYNTH-005,SYNTHETIC-DEMO-DATASET-V1,SKU-SYNTH-005,Standard Replenishment Item 5 (Beverages),Beverages,37,30,180,355,12.5,12,12,28.75,63.25,50,Global Prime Supplier 5,0.94,0.94,365,0.8,0,Standard Operations,Standard demand pattern with high supplier SLA compliance.,Reorder full batch of 500 units to restore target buffer.,AGREES,500,current_stock; daily_velocity; supplier_lead_time_days; supplier_moq,Working capital exposure is justified by consistent turnover velocity.,Initial single-pass reorder is robust; self-challenge should validate and confirm AGREES.
CASE-SYNTH-006,SYNTHETIC-DEMO-DATASET-V1,SKU-SYNTH-006,Standard Replenishment Item 6 (Warehouse Consumables),Warehouse Consumables,42,30,212,408,14.0,13,13,32.5,71.5,25,Global Prime Supplier 1,0.94,0.94,365,0.8,0,Standard Operations,Standard demand pattern with high supplier SLA compliance.,Reorder full batch of 550 units to restore target buffer.,AGREES,550,current_stock; daily_velocity; supplier_lead_time_days; supplier_moq,Working capital exposure is justified by consistent turnover velocity.,Initial single-pass reorder is robust; self-challenge should validate and confirm AGREES.
CASE-SYNTH-007,SYNTHETIC-DEMO-DATASET-V1,SKU-SYNTH-007,Standard Replenishment Item 7 (Apparel),Apparel,46,30,247,464,15.5,14,14,36.25,79.75,50,Global Prime Supplier 2,0.94,0.94,365,0.8,0,Standard Operations,Standard demand pattern with high supplier SLA compliance.,Reorder full batch of 650 units to restore target buffer.,AGREES,650,current_stock; daily_velocity; supplier_lead_time_days; supplier_moq,Working capital exposure is justified by consistent turnover velocity.,Initial single-pass reorder is robust; self-challenge should validate and confirm AGREES.
CASE-SYNTH-008,SYNTHETIC-DEMO-DATASET-V1,SKU-SYNTH-008,Standard Replenishment Item 8 (Chemicals),Chemicals,51,30,149,387,17.0,7,7,40.0,88.0,25,Global Prime Supplier 3,0.94,0.94,365,0.8,0,Standard Operations,Standard demand pattern with high supplier SLA compliance.,Reorder full batch of 475 units to restore target buffer.,AGREES,475,current_stock; daily_velocity; supplier_lead_time_days; supplier_moq,Working capital exposure is justified by consistent turnover velocity.,Initial single-pass reorder is robust; self-challenge should validate and confirm AGREES.
CASE-SYNTH-009,SYNTHETIC-DEMO-DATASET-V1,SKU-SYNTH-009,Standard Replenishment Item 9 (Office Supplies),Office Supplies,55,30,178,437,18.5,8,8,43.75,96.25,50,Global Prime Supplier 4,0.94,0.94,365,0.8,0,Standard Operations,Standard demand pattern with high supplier SLA compliance.,Reorder full batch of 550 units to restore target buffer.,AGREES,550,current_stock; daily_velocity; supplier_lead_time_days; supplier_moq,Working capital exposure is justified by consistent turnover velocity.,Initial single-pass reorder is robust; self-challenge should validate and confirm AGREES.
CASE-SYNTH-010,SYNTHETIC-DEMO-DATASET-V1,SKU-SYNTH-010,Standard Replenishment Item 10 (Cosmetics),Cosmetics,60,30,210,490,20.0,9,9,47.5,104.5,25,Global Prime Supplier 5,0.94,0.94,365,0.8,0,Standard Operations,Standard demand pattern with high supplier SLA compliance.,Reorder full batch of 625 units to restore target buffer.,AGREES,625,current_stock; daily_velocity; supplier_lead_time_days; supplier_moq,Working capital exposure is justified by consistent turnover velocity.,Initial single-pass reorder is robust; self-challenge should validate and confirm AGREES.
CASE-SYNTH-011,SYNTHETIC-DEMO-DATASET-V1,SKU-SYNTH-011,Standard Replenishment Item 11 (Electronics),Electronics,64,30,245,546,21.5,10,10,51.25,112.75,50,Global Prime Supplier 1,0.94,0.94,365,0.8,0,Standard Operations,Standard demand pattern with high supplier SLA compliance.,Reorder full batch of 700 units to restore target buffer.,AGREES,700,current_stock; daily_velocity; supplier_lead_time_days; supplier_moq,Working capital exposure is justified by consistent turnover velocity.,Initial single-pass reorder is robust; self-challenge should validate and confirm AGREES.
CASE-SYNTH-012,SYNTHETIC-DEMO-DATASET-V1,SKU-SYNTH-012,Standard Replenishment Item 12 (Perishable Foods),Perishable Foods,69,30,283,605,23.0,11,11,55.0,121.0,25,Global Prime Supplier 2,0.94,0.94,365,0.8,0,Standard Operations,Standard demand pattern with high supplier SLA compliance.,Reorder full batch of 800 units to restore target buffer.,AGREES,800,current_stock; daily_velocity; supplier_lead_time_days; supplier_moq,Working capital exposure is justified by consistent turnover velocity.,Initial single-pass reorder is robust; self-challenge should validate and confirm AGREES.
CASE-SYNTH-013,SYNTHETIC-DEMO-DATASET-V1,SKU-SYNTH-013,Standard Replenishment Item 13 (Pharmaceuticals),Pharmaceuticals,73,30,324,667,24.5,12,12,58.75,129.25,50,Global Prime Supplier 3,0.94,0.94,365,0.8,0,Standard Operations,Standard demand pattern with high supplier SLA compliance.,Reorder full batch of 900 units to restore target buffer.,AGREES,900,current_stock; daily_velocity; supplier_lead_time_days; supplier_moq,Working capital exposure is justified by consistent turnover velocity.,Initial single-pass reorder is robust; self-challenge should validate and confirm AGREES.
CASE-SYNTH-014,SYNTHETIC-DEMO-DATASET-V1,SKU-SYNTH-014,Standard Replenishment Item 14 (Industrial Supplies),Industrial Supplies,78,30,368,732,26.0,13,13,62.5,137.5,25,Global Prime Supplier 4,0.94,0.94,365,0.8,0,Standard Operations,Standard demand pattern with high supplier SLA compliance.,Reorder full batch of 1000 units to restore target buffer.,AGREES,1000,current_stock; daily_velocity; supplier_lead_time_days; supplier_moq,Working capital exposure is justified by consistent turnover velocity.,Initial single-pass reorder is robust; self-challenge should validate and confirm AGREES.
CASE-SYNTH-015,SYNTHETIC-DEMO-DATASET-V1,SKU-SYNTH-015,Standard Replenishment Item 15 (Beverages),Beverages,15,30,100,170,5.0,14,14,66.25,145.75,50,Global Prime Supplier 5,0.94,0.94,365,0.8,0,Standard Operations,Standard demand pattern with high supplier SLA compliance.,Reorder full batch of 250 units to restore target buffer.,AGREES,250,current_stock; daily_velocity; supplier_lead_time_days; supplier_moq,Working capital exposure is justified by consistent turnover velocity.,Initial single-pass reorder is robust; self-challenge should validate and confirm AGREES.
CASE-SYNTH-016,SYNTHETIC-DEMO-DATASET-V1,SKU-SYNTH-016,Standard Replenishment Item 16 (Warehouse Consumables),Warehouse Consumables,19,30,75,166,6.5,7,7,70.0,154.0,25,Global Prime Supplier 1,0.94,0.94,365,0.8,0,Standard Operations,Standard demand pattern with high supplier SLA compliance.,Reorder full batch of 200 units to restore target buffer.,AGREES,200,current_stock; daily_velocity; supplier_lead_time_days; supplier_moq,Working capital exposure is justified by consistent turnover velocity.,Initial single-pass reorder is robust; self-challenge should validate and confirm AGREES.
CASE-SYNTH-017,SYNTHETIC-DEMO-DATASET-V1,SKU-SYNTH-017,Standard Replenishment Item 17 (Apparel),Apparel,24,30,94,206,8.0,8,8,73.75,162.25,50,Global Prime Supplier 2,0.94,0.94,365,0.8,0,Standard Operations,Standard demand pattern with high supplier SLA compliance.,Reorder full batch of 250 units to restore target buffer.,AGREES,250,current_stock; daily_velocity; supplier_lead_time_days; supplier_moq,Working capital exposure is justified by consistent turnover velocity.,Initial single-pass reorder is robust; self-challenge should validate and confirm AGREES.
CASE-SYNTH-018,SYNTHETIC-DEMO-DATASET-V1,SKU-SYNTH-018,Standard Replenishment Item 18 (Chemicals),Chemicals,28,30,115,248,9.5,9,9,77.5,170.5,25,Global Prime Supplier 3,0.94,0.94,365,0.8,0,Standard Operations,Standard demand pattern with high supplier SLA compliance.,Reorder full batch of 325 units to restore target buffer.,AGREES,325,current_stock; daily_velocity; supplier_lead_time_days; supplier_moq,Working capital exposure is justified by consistent turnover velocity.,Initial single-pass reorder is robust; self-challenge should validate and confirm AGREES.
CASE-SYNTH-019,SYNTHETIC-DEMO-DATASET-V1,SKU-SYNTH-019,Standard Replenishment Item 19 (Office Supplies),Office Supplies,33,30,140,294,11.0,10,10,81.25,178.75,50,Global Prime Supplier 4,0.94,0.94,365,0.8,0,Standard Operations,Standard demand pattern with high supplier SLA compliance.,Reorder full batch of 400 units to restore target buffer.,AGREES,400,current_stock; daily_velocity; supplier_lead_time_days; supplier_moq,Working capital exposure is justified by consistent turnover velocity.,Initial single-pass reorder is robust; self-challenge should validate and confirm AGREES.
CASE-SYNTH-020,SYNTHETIC-DEMO-DATASET-V1,SKU-SYNTH-020,Standard Replenishment Item 20 (Cosmetics),Cosmetics,37,30,167,342,12.5,11,11,85.0,187.0,25,Global Prime Supplier 5,0.94,0.94,365,0.8,0,Standard Operations,Standard demand pattern with high supplier SLA compliance.,Reorder full batch of 450 units to restore target buffer.,AGREES,450,current_stock; daily_velocity; supplier_lead_time_days; supplier_moq,Working capital exposure is justified by consistent turnover velocity.,Initial single-pass reorder is robust; self-challenge should validate and confirm AGREES.
CASE-SYNTH-021,SYNTHETIC-DEMO-DATASET-V1,SKU-SYNTH-021,Standard Replenishment Item 21 (Electronics),Electronics,42,30,198,394,14.0,12,12,88.75,195.25,50,Global Prime Supplier 1,0.94,0.94,365,0.8,0,Standard Operations,Standard demand pattern with high supplier SLA compliance.,Reorder full batch of 550 units to restore target buffer.,AGREES,550,current_stock; daily_velocity; supplier_lead_time_days; supplier_moq,Working capital exposure is justified by consistent turnover velocity.,Initial single-pass reorder is robust; self-challenge should validate and confirm AGREES.
CASE-SYNTH-022,SYNTHETIC-DEMO-DATASET-V1,SKU-SYNTH-022,Standard Replenishment Item 22 (Perishable Foods),Perishable Foods,46,30,231,448,15.5,13,13,12.5,27.5,25,Global Prime Supplier 2,0.94,0.94,365,0.8,0,Standard Operations,Standard demand pattern with high supplier SLA compliance.,Reorder full batch of 625 units to restore target buffer.,AGREES,625,current_stock; daily_velocity; supplier_lead_time_days; supplier_moq,Working capital exposure is justified by consistent turnover velocity.,Initial single-pass reorder is robust; self-challenge should validate and confirm AGREES.
CASE-SYNTH-023,SYNTHETIC-DEMO-DATASET-V1,SKU-SYNTH-023,Standard Replenishment Item 23 (Pharmaceuticals),Pharmaceuticals,51,30,268,506,17.0,14,14,16.25,35.75,50,Global Prime Supplier 3,0.94,0.94,365,0.8,0,Standard Operations,Standard demand pattern with high supplier SLA compliance.,Reorder full batch of 700 units to restore target buffer.,AGREES,700,current_stock; daily_velocity; supplier_lead_time_days; supplier_moq,Working capital exposure is justified by consistent turnover velocity.,Initial single-pass reorder is robust; self-challenge should validate and confirm AGREES.
CASE-SYNTH-024,SYNTHETIC-DEMO-DATASET-V1,SKU-SYNTH-024,Standard Replenishment Item 24 (Industrial Supplies),Industrial Supplies,55,30,159,418,18.5,7,7,20.0,44.0,25,Global Prime Supplier 4,0.94,0.94,365,0.8,0,Standard Operations,Standard demand pattern with high supplier SLA compliance.,Reorder full batch of 500 units to restore target buffer.,AGREES,500,current_stock; daily_velocity; supplier_lead_time_days; supplier_moq,Working capital exposure is justified by consistent turnover velocity.,Initial single-pass reorder is robust; self-challenge should validate and confirm AGREES.
CASE-SYNTH-025,SYNTHETIC-DEMO-DATASET-V1,SKU-SYNTH-025,Standard Replenishment Item 25 (Beverages),Beverages,60,30,190,470,20.0,8,8,23.75,52.25,50,Global Prime Supplier 5,0.94,0.94,365,0.8,0,Standard Operations,Standard demand pattern with high supplier SLA compliance.,Reorder full batch of 600 units to restore target buffer.,AGREES,600,current_stock; daily_velocity; supplier_lead_time_days; supplier_moq,Working capital exposure is justified by consistent turnover velocity.,Initial single-pass reorder is robust; self-challenge should validate and confirm AGREES.
CASE-SYNTH-026,SYNTHETIC-DEMO-DATASET-V1,SKU-SYNTH-026,Standard Replenishment Item 26 (Warehouse Consumables),Warehouse Consumables,64,30,223,524,21.5,9,9,27.5,60.5,25,Global Prime Supplier 1,0.94,0.94,365,0.8,0,Standard Operations,Standard demand pattern with high supplier SLA compliance.,Reorder full batch of 675 units to restore target buffer.,AGREES,675,current_stock; daily_velocity; supplier_lead_time_days; supplier_moq,Working capital exposure is justified by consistent turnover velocity.,Initial single-pass reorder is robust; self-challenge should validate and confirm AGREES.
CASE-SYNTH-027,SYNTHETIC-DEMO-DATASET-V1,SKU-SYNTH-027,Standard Replenishment Item 27 (Apparel),Apparel,69,30,260,582,23.0,10,10,31.25,68.75,50,Global Prime Supplier 2,0.94,0.94,365,0.8,0,Standard Operations,Standard demand pattern with high supplier SLA compliance.,Reorder full batch of 750 units to restore target buffer.,AGREES,750,current_stock; daily_velocity; supplier_lead_time_days; supplier_moq,Working capital exposure is justified by consistent turnover velocity.,Initial single-pass reorder is robust; self-challenge should validate and confirm AGREES.
CASE-SYNTH-028,SYNTHETIC-DEMO-DATASET-V1,SKU-SYNTH-028,Standard Replenishment Item 28 (Chemicals),Chemicals,73,30,299,642,24.5,11,11,35.0,77.0,25,Global Prime Supplier 3,0.94,0.94,365,0.8,0,Standard Operations,Standard demand pattern with high supplier SLA compliance.,Reorder full batch of 850 units to restore target buffer.,AGREES,850,current_stock; daily_velocity; supplier_lead_time_days; supplier_moq,Working capital exposure is justified by consistent turnover velocity.,Initial single-pass reorder is robust; self-challenge should validate and confirm AGREES.
CASE-SYNTH-029,SYNTHETIC-DEMO-DATASET-V1,SKU-SYNTH-029,Standard Replenishment Item 29 (Office Supplies),Office Supplies,78,30,342,706,26.0,12,12,38.75,85.25,50,Global Prime Supplier 4,0.94,0.94,365,0.8,0,Standard Operations,Standard demand pattern with high supplier SLA compliance.,Reorder full batch of 950 units to restore target buffer.,AGREES,950,current_stock; daily_velocity; supplier_lead_time_days; supplier_moq,Working capital exposure is justified by consistent turnover velocity.,Initial single-pass reorder is robust; self-challenge should validate and confirm AGREES.
CASE-SYNTH-030,SYNTHETIC-DEMO-DATASET-V1,SKU-SYNTH-030,Standard Replenishment Item 30 (Cosmetics),Cosmetics,15,30,95,165,5.0,13,13,42.5,93.5,25,Global Prime Supplier 5,0.94,0.94,365,0.8,0,Standard Operations,Standard demand pattern with high supplier SLA compliance.,Reorder full batch of 225 units to restore target buffer.,AGREES,225,current_stock; daily_velocity; supplier_lead_time_days; supplier_moq,Working capital exposure is justified by consistent turnover velocity.,Initial single-pass reorder is robust; self-challenge should validate and confirm AGREES.
CASE-SYNTH-031,SYNTHETIC-DEMO-DATASET-V1,SKU-SYNTH-031,Standard Replenishment Item 31 (Electronics),Electronics,19,30,121,212,6.5,14,14,46.25,101.75,50,Global Prime Supplier 1,0.94,0.94,365,0.8,0,Standard Operations,Standard demand pattern with high supplier SLA compliance.,Reorder full batch of 300 units to restore target buffer.,AGREES,300,current_stock; daily_velocity; supplier_lead_time_days; supplier_moq,Working capital exposure is justified by consistent turnover velocity.,Initial single-pass reorder is robust; self-challenge should validate and confirm AGREES.
CASE-SYNTH-032,SYNTHETIC-DEMO-DATASET-V1,SKU-SYNTH-032,Standard Replenishment Item 32 (Perishable Foods),Perishable Foods,24,30,86,198,8.0,7,7,50.0,110.0,25,Global Prime Supplier 2,0.94,0.94,365,0.8,0,Standard Operations,Standard demand pattern with high supplier SLA compliance.,Reorder full batch of 250 units to restore target buffer.,AGREES,250,current_stock; daily_velocity; supplier_lead_time_days; supplier_moq,Working capital exposure is justified by consistent turnover velocity.,Initial single-pass reorder is robust; self-challenge should validate and confirm AGREES.
CASE-SYNTH-033,SYNTHETIC-DEMO-DATASET-V1,SKU-SYNTH-033,Standard Replenishment Item 33 (Pharmaceuticals),Pharmaceuticals,28,30,106,239,9.5,8,8,53.75,118.25,50,Global Prime Supplier 3,0.94,0.94,365,0.8,0,Standard Operations,Standard demand pattern with high supplier SLA compliance.,Reorder full batch of 300 units to restore target buffer.,AGREES,300,current_stock; daily_velocity; supplier_lead_time_days; supplier_moq,Working capital exposure is justified by consistent turnover velocity.,Initial single-pass reorder is robust; self-challenge should validate and confirm AGREES.
CASE-SYNTH-034,SYNTHETIC-DEMO-DATASET-V1,SKU-SYNTH-034,Standard Replenishment Item 34 (Industrial Supplies),Industrial Supplies,33,30,129,283,11.0,9,9,57.5,126.5,25,Global Prime Supplier 4,0.94,0.94,365,0.8,0,Standard Operations,Standard demand pattern with high supplier SLA compliance.,Reorder full batch of 350 units to restore target buffer.,AGREES,350,current_stock; daily_velocity; supplier_lead_time_days; supplier_moq,Working capital exposure is justified by consistent turnover velocity.,Initial single-pass reorder is robust; self-challenge should validate and confirm AGREES.
CASE-SYNTH-035,SYNTHETIC-DEMO-DATASET-V1,SKU-SYNTH-035,Standard Replenishment Item 35 (Beverages),Beverages,37,30,155,330,12.5,10,10,61.25,134.75,50,Global Prime Supplier 5,0.94,0.94,365,0.8,0,Standard Operations,Standard demand pattern with high supplier SLA compliance.,Reorder full batch of 450 units to restore target buffer.,AGREES,450,current_stock; daily_velocity; supplier_lead_time_days; supplier_moq,Working capital exposure is justified by consistent turnover velocity.,Initial single-pass reorder is robust; self-challenge should validate and confirm AGREES.
CASE-SYNTH-036,SYNTHETIC-DEMO-DATASET-V1,SKU-SYNTH-036,Standard Replenishment Item 36 (Warehouse Consumables),Warehouse Consumables,42,30,184,380,14.0,11,11,65.0,143.0,25,Global Prime Supplier 1,0.94,0.94,365,0.8,0,Standard Operations,Standard demand pattern with high supplier SLA compliance.,Reorder full batch of 500 units to restore target buffer.,AGREES,500,current_stock; daily_velocity; supplier_lead_time_days; supplier_moq,Working capital exposure is justified by consistent turnover velocity.,Initial single-pass reorder is robust; self-challenge should validate and confirm AGREES.
CASE-SYNTH-037,SYNTHETIC-DEMO-DATASET-V1,SKU-SYNTH-037,Standard Replenishment Item 37 (Apparel),Apparel,46,30,216,433,15.5,12,12,68.75,151.25,50,Global Prime Supplier 2,0.94,0.94,365,0.8,0,Standard Operations,Standard demand pattern with high supplier SLA compliance.,Reorder full batch of 600 units to restore target buffer.,AGREES,600,current_stock; daily_velocity; supplier_lead_time_days; supplier_moq,Working capital exposure is justified by consistent turnover velocity.,Initial single-pass reorder is robust; self-challenge should validate and confirm AGREES.
CASE-SYNTH-038,SYNTHETIC-DEMO-DATASET-V1,SKU-SYNTH-038,Standard Replenishment Item 38 (Chemicals),Chemicals,51,30,251,489,17.0,13,13,72.5,159.5,25,Global Prime Supplier 3,0.94,0.94,365,0.8,0,Standard Operations,Standard demand pattern with high supplier SLA compliance.,Reorder full batch of 675 units to restore target buffer.,AGREES,675,current_stock; daily_velocity; supplier_lead_time_days; supplier_moq,Working capital exposure is justified by consistent turnover velocity.,Initial single-pass reorder is robust; self-challenge should validate and confirm AGREES.
CASE-SYNTH-039,SYNTHETIC-DEMO-DATASET-V1,SKU-SYNTH-039,Standard Replenishment Item 39 (Office Supplies),Office Supplies,55,30,289,548,18.5,14,14,76.25,167.75,50,Global Prime Supplier 4,0.94,0.94,365,0.8,0,Standard Operations,Standard demand pattern with high supplier SLA compliance.,Reorder full batch of 800 units to restore target buffer.,AGREES,800,current_stock; daily_velocity; supplier_lead_time_days; supplier_moq,Working capital exposure is justified by consistent turnover velocity.,Initial single-pass reorder is robust; self-challenge should validate and confirm AGREES.
CASE-SYNTH-040,SYNTHETIC-DEMO-DATASET-V1,SKU-SYNTH-040,Standard Replenishment Item 40 (Cosmetics),Cosmetics,60,30,170,450,20.0,7,7,80.0,176.0,25,Global Prime Supplier 5,0.94,0.94,365,0.8,0,Standard Operations,Standard demand pattern with high supplier SLA compliance.,Reorder full batch of 550 units to restore target buffer.,AGREES,550,current_stock; daily_velocity; supplier_lead_time_days; supplier_moq,Working capital exposure is justified by consistent turnover velocity.,Initial single-pass reorder is robust; self-challenge should validate and confirm AGREES.
CASE-SYNTH-041,SYNTHETIC-DEMO-DATASET-V1,SKU-SYNTH-041,Fresh Perishable Culture 1,Perishable Foods,15,20,55,220,4.0,10,10,14.5,32.0,20,FreshFarm Direct Bio,0.9,0.9,25,0.5,0,None,Short shelf life (25 days). Large target would spoil before consumption.,Reduce reorder to lean batch of 20 units (MOQ) to prevent spoilage write-off.,CHANGED,20,shelf_life_days; daily_velocity; supplier_moq; current_stock,"A target replenishment of ~240 units takes 60 days to sell, exceeding 25-day expiry.",Single pass blindly orders large deficit. DecisionGuard self-challenge detects spoilage and trims to MOQ.
CASE-SYNTH-042,SYNTHETIC-DEMO-DATASET-V1,SKU-SYNTH-042,Fresh Perishable Culture 2,Perishable Foods,15,20,55,220,4.0,10,10,14.5,32.0,20,FreshFarm Direct Bio,0.9,0.9,25,0.5,0,None,Short shelf life (25 days). Large target would spoil before consumption.,Reduce reorder to lean batch of 20 units (MOQ) to prevent spoilage write-off.,CHANGED,20,shelf_life_days; daily_velocity; supplier_moq; current_stock,"A target replenishment of ~240 units takes 60 days to sell, exceeding 25-day expiry.",Single pass blindly orders large deficit. DecisionGuard self-challenge detects spoilage and trims to MOQ.
CASE-SYNTH-043,SYNTHETIC-DEMO-DATASET-V1,SKU-SYNTH-043,Fresh Perishable Culture 3,Perishable Foods,15,20,55,220,4.0,10,10,14.5,32.0,20,FreshFarm Direct Bio,0.9,0.9,25,0.5,0,None,Short shelf life (25 days). Large target would spoil before consumption.,Reduce reorder to lean batch of 20 units (MOQ) to prevent spoilage write-off.,CHANGED,20,shelf_life_days; daily_velocity; supplier_moq; current_stock,"A target replenishment of ~240 units takes 60 days to sell, exceeding 25-day expiry.",Single pass blindly orders large deficit. DecisionGuard self-challenge detects spoilage and trims to MOQ.
CASE-SYNTH-044,SYNTHETIC-DEMO-DATASET-V1,SKU-SYNTH-044,Fresh Perishable Culture 4,Perishable Foods,15,20,55,220,4.0,10,10,14.5,32.0,20,FreshFarm Direct Bio,0.9,0.9,25,0.5,0,None,Short shelf life (25 days). Large target would spoil before consumption.,Reduce reorder to lean batch of 20 units (MOQ) to prevent spoilage write-off.,CHANGED,20,shelf_life_days; daily_velocity; supplier_moq; current_stock,"A target replenishment of ~240 units takes 60 days to sell, exceeding 25-day expiry.",Single pass blindly orders large deficit. DecisionGuard self-challenge detects spoilage and trims to MOQ.
CASE-SYNTH-045,SYNTHETIC-DEMO-DATASET-V1,SKU-SYNTH-045,Fresh Perishable Culture 5,Perishable Foods,15,20,55,220,4.0,10,10,14.5,32.0,20,FreshFarm Direct Bio,0.9,0.9,25,0.5,0,None,Short shelf life (25 days). Large target would spoil before consumption.,Reduce reorder to lean batch of 20 units (MOQ) to prevent spoilage write-off.,CHANGED,20,shelf_life_days; daily_velocity; supplier_moq; current_stock,"A target replenishment of ~240 units takes 60 days to sell, exceeding 25-day expiry.",Single pass blindly orders large deficit. DecisionGuard self-challenge detects spoilage and trims to MOQ.
CASE-SYNTH-046,SYNTHETIC-DEMO-DATASET-V1,SKU-SYNTH-046,Fresh Perishable Culture 6,Perishable Foods,15,20,55,220,4.0,10,10,14.5,32.0,20,FreshFarm Direct Bio,0.9,0.9,25,0.5,0,None,Short shelf life (25 days). Large target would spoil before consumption.,Reduce reorder to lean batch of 20 units (MOQ) to prevent spoilage write-off.,CHANGED,20,shelf_life_days; daily_velocity; supplier_moq; current_stock,"A target replenishment of ~240 units takes 60 days to sell, exceeding 25-day expiry.",Single pass blindly orders large deficit. DecisionGuard self-challenge detects spoilage and trims to MOQ.
CASE-SYNTH-047,SYNTHETIC-DEMO-DATASET-V1,SKU-SYNTH-047,Fresh Perishable Culture 7,Perishable Foods,15,20,55,220,4.0,10,10,14.5,32.0,20,FreshFarm Direct Bio,0.9,0.9,25,0.5,0,None,Short shelf life (25 days). Large target would spoil before consumption.,Reduce reorder to lean batch of 20 units (MOQ) to prevent spoilage write-off.,CHANGED,20,shelf_life_days; daily_velocity; supplier_moq; current_stock,"A target replenishment of ~240 units takes 60 days to sell, exceeding 25-day expiry.",Single pass blindly orders large deficit. DecisionGuard self-challenge detects spoilage and trims to MOQ.
CASE-SYNTH-048,SYNTHETIC-DEMO-DATASET-V1,SKU-SYNTH-048,Fresh Perishable Culture 8,Perishable Foods,15,20,55,220,4.0,10,10,14.5,32.0,20,FreshFarm Direct Bio,0.9,0.9,25,0.5,0,None,Short shelf life (25 days). Large target would spoil before consumption.,Reduce reorder to lean batch of 20 units (MOQ) to prevent spoilage write-off.,CHANGED,20,shelf_life_days; daily_velocity; supplier_moq; current_stock,"A target replenishment of ~240 units takes 60 days to sell, exceeding 25-day expiry.",Single pass blindly orders large deficit. DecisionGuard self-challenge detects spoilage and trims to MOQ.
CASE-SYNTH-049,SYNTHETIC-DEMO-DATASET-V1,SKU-SYNTH-049,Fresh Perishable Culture 9,Perishable Foods,15,20,55,220,4.0,10,10,14.5,32.0,20,FreshFarm Direct Bio,0.9,0.9,25,0.5,0,None,Short shelf life (25 days). Large target would spoil before consumption.,Reduce reorder to lean batch of 20 units (MOQ) to prevent spoilage write-off.,CHANGED,20,shelf_life_days; daily_velocity; supplier_moq; current_stock,"A target replenishment of ~240 units takes 60 days to sell, exceeding 25-day expiry.",Single pass blindly orders large deficit. DecisionGuard self-challenge detects spoilage and trims to MOQ.
CASE-SYNTH-050,SYNTHETIC-DEMO-DATASET-V1,SKU-SYNTH-050,Fresh Perishable Culture 10,Perishable Foods,15,20,55,220,4.0,10,10,14.5,32.0,20,FreshFarm Direct Bio,0.9,0.9,25,0.5,0,None,Short shelf life (25 days). Large target would spoil before consumption.,Reduce reorder to lean batch of 20 units (MOQ) to prevent spoilage write-off.,CHANGED,20,shelf_life_days; daily_velocity; supplier_moq; current_stock,"A target replenishment of ~240 units takes 60 days to sell, exceeding 25-day expiry.",Single pass blindly orders large deficit. DecisionGuard self-challenge detects spoilage and trims to MOQ.
CASE-SYNTH-051,SYNTHETIC-DEMO-DATASET-V1,SKU-SYNTH-051,Heavy Industrial Assembly 1,Industrial Supplies,30,40,120,350,8.0,14,14,85.0,199.0,40,Titan Heavy Engineering,0.88,0.88,,8.5,0,None,Bulky unit volume (8.5 cu.ft/unit). Full order causes warehouse gridlock.,Trim batch size to 320 units to avert warehouse pallet overflow.,CHANGED,320,warehouse_volume_cuft; supplier_moq; target_stock_level,"Batch requires >3,000 cu.ft of storage, severely exceeding standard rack bay capacity.",Single pass ignores cubic capacity. DecisionGuard adjusts batch size to fit facility constraints.
CASE-SYNTH-052,SYNTHETIC-DEMO-DATASET-V1,SKU-SYNTH-052,Heavy Industrial Assembly 2,Industrial Supplies,30,40,120,350,8.0,14,14,85.0,199.0,40,Titan Heavy Engineering,0.88,0.88,,8.5,0,None,Bulky unit volume (8.5 cu.ft/unit). Full order causes warehouse gridlock.,Trim batch size to 320 units to avert warehouse pallet overflow.,CHANGED,320,warehouse_volume_cuft; supplier_moq; target_stock_level,"Batch requires >3,000 cu.ft of storage, severely exceeding standard rack bay capacity.",Single pass ignores cubic capacity. DecisionGuard adjusts batch size to fit facility constraints.
CASE-SYNTH-053,SYNTHETIC-DEMO-DATASET-V1,SKU-SYNTH-053,Heavy Industrial Assembly 3,Industrial Supplies,30,40,120,350,8.0,14,14,85.0,199.0,40,Titan Heavy Engineering,0.88,0.88,,8.5,0,None,Bulky unit volume (8.5 cu.ft/unit). Full order causes warehouse gridlock.,Trim batch size to 320 units to avert warehouse pallet overflow.,CHANGED,320,warehouse_volume_cuft; supplier_moq; target_stock_level,"Batch requires >3,000 cu.ft of storage, severely exceeding standard rack bay capacity.",Single pass ignores cubic capacity. DecisionGuard adjusts batch size to fit facility constraints.
CASE-SYNTH-054,SYNTHETIC-DEMO-DATASET-V1,SKU-SYNTH-054,Heavy Industrial Assembly 4,Industrial Supplies,30,40,120,350,8.0,14,14,85.0,199.0,40,Titan Heavy Engineering,0.88,0.88,,8.5,0,None,Bulky unit volume (8.5 cu.ft/unit). Full order causes warehouse gridlock.,Trim batch size to 320 units to avert warehouse pallet overflow.,CHANGED,320,warehouse_volume_cuft; supplier_moq; target_stock_level,"Batch requires >3,000 cu.ft of storage, severely exceeding standard rack bay capacity.",Single pass ignores cubic capacity. DecisionGuard adjusts batch size to fit facility constraints.
CASE-SYNTH-055,SYNTHETIC-DEMO-DATASET-V1,SKU-SYNTH-055,Heavy Industrial Assembly 5,Industrial Supplies,30,40,120,350,8.0,14,14,85.0,199.0,40,Titan Heavy Engineering,0.88,0.88,,8.5,0,None,Bulky unit volume (8.5 cu.ft/unit). Full order causes warehouse gridlock.,Trim batch size to 320 units to avert warehouse pallet overflow.,CHANGED,320,warehouse_volume_cuft; supplier_moq; target_stock_level,"Batch requires >3,000 cu.ft of storage, severely exceeding standard rack bay capacity.",Single pass ignores cubic capacity. DecisionGuard adjusts batch size to fit facility constraints.
CASE-SYNTH-056,SYNTHETIC-DEMO-DATASET-V1,SKU-SYNTH-056,Heavy Industrial Assembly 6,Industrial Supplies,30,40,120,350,8.0,14,14,85.0,199.0,40,Titan Heavy Engineering,0.88,0.88,,8.5,0,None,Bulky unit volume (8.5 cu.ft/unit). Full order causes warehouse gridlock.,Trim batch size to 320 units to avert warehouse pallet overflow.,CHANGED,320,warehouse_volume_cuft; supplier_moq; target_stock_level,"Batch requires >3,000 cu.ft of storage, severely exceeding standard rack bay capacity.",Single pass ignores cubic capacity. DecisionGuard adjusts batch size to fit facility constraints.
CASE-SYNTH-057,SYNTHETIC-DEMO-DATASET-V1,SKU-SYNTH-057,Heavy Industrial Assembly 7,Industrial Supplies,30,40,120,350,8.0,14,14,85.0,199.0,40,Titan Heavy Engineering,0.88,0.88,,8.5,0,None,Bulky unit volume (8.5 cu.ft/unit). Full order causes warehouse gridlock.,Trim batch size to 320 units to avert warehouse pallet overflow.,CHANGED,320,warehouse_volume_cuft; supplier_moq; target_stock_level,"Batch requires >3,000 cu.ft of storage, severely exceeding standard rack bay capacity.",Single pass ignores cubic capacity. DecisionGuard adjusts batch size to fit facility constraints.
CASE-SYNTH-058,SYNTHETIC-DEMO-DATASET-V1,SKU-SYNTH-058,Heavy Industrial Assembly 8,Industrial Supplies,30,40,120,350,8.0,14,14,85.0,199.0,40,Titan Heavy Engineering,0.88,0.88,,8.5,0,None,Bulky unit volume (8.5 cu.ft/unit). Full order causes warehouse gridlock.,Trim batch size to 320 units to avert warehouse pallet overflow.,CHANGED,320,warehouse_volume_cuft; supplier_moq; target_stock_level,"Batch requires >3,000 cu.ft of storage, severely exceeding standard rack bay capacity.",Single pass ignores cubic capacity. DecisionGuard adjusts batch size to fit facility constraints.
CASE-SYNTH-059,SYNTHETIC-DEMO-DATASET-V1,SKU-SYNTH-059,High Demand Component with In-Transit PO 1,Electronics,40,50,140,280,10.0,12,12,22.0,59.99,50,Semicon Global Logistics,0.92,0.92,720,0.4,200,Open PO #4092 arriving in 3 days,Open PO of 200 units arriving in 3 days. Naive reorder creates excess stock.,Trim order to 200 units accounting for 200 units already in transit.,CHANGED,200,open_purchase_orders; current_stock; supplier_lead_time_days,200 units are already arriving in 3 days; placing full 400-unit order locks up unnecessary cash.,Single pass misses pipeline PO. DecisionGuard cross-checks open shipments and avoids duplicate purchase.
CASE-SYNTH-060,SYNTHETIC-DEMO-DATASET-V1,SKU-SYNTH-060,High Demand Component with In-Transit PO 2,Electronics,40,50,140,280,10.0,12,12,22.0,59.99,50,Semicon Global Logistics,0.92,0.92,720,0.4,200,Open PO #4092 arriving in 3 days,Open PO of 200 units arriving in 3 days. Naive reorder creates excess stock.,Trim order to 200 units accounting for 200 units already in transit.,CHANGED,200,open_purchase_orders; current_stock; supplier_lead_time_days,200 units are already arriving in 3 days; placing full 400-unit order locks up unnecessary cash.,Single pass misses pipeline PO. DecisionGuard cross-checks open shipments and avoids duplicate purchase.
CASE-SYNTH-061,SYNTHETIC-DEMO-DATASET-V1,SKU-SYNTH-061,High Demand Component with In-Transit PO 3,Electronics,40,50,140,280,10.0,12,12,22.0,59.99,50,Semicon Global Logistics,0.92,0.92,720,0.4,200,Open PO #4092 arriving in 3 days,Open PO of 200 units arriving in 3 days. Naive reorder creates excess stock.,Trim order to 200 units accounting for 200 units already in transit.,CHANGED,200,open_purchase_orders; current_stock; supplier_lead_time_days,200 units are already arriving in 3 days; placing full 400-unit order locks up unnecessary cash.,Single pass misses pipeline PO. DecisionGuard cross-checks open shipments and avoids duplicate purchase.
CASE-SYNTH-062,SYNTHETIC-DEMO-DATASET-V1,SKU-SYNTH-062,High Demand Component with In-Transit PO 4,Electronics,40,50,140,280,10.0,12,12,22.0,59.99,50,Semicon Global Logistics,0.92,0.92,720,0.4,200,Open PO #4092 arriving in 3 days,Open PO of 200 units arriving in 3 days. Naive reorder creates excess stock.,Trim order to 200 units accounting for 200 units already in transit.,CHANGED,200,open_purchase_orders; current_stock; supplier_lead_time_days,200 units are already arriving in 3 days; placing full 400-unit order locks up unnecessary cash.,Single pass misses pipeline PO. DecisionGuard cross-checks open shipments and avoids duplicate purchase.
CASE-SYNTH-063,SYNTHETIC-DEMO-DATASET-V1,SKU-SYNTH-063,High Demand Component with In-Transit PO 5,Electronics,40,50,140,280,10.0,12,12,22.0,59.99,50,Semicon Global Logistics,0.92,0.92,720,0.4,200,Open PO #4092 arriving in 3 days,Open PO of 200 units arriving in 3 days. Naive reorder creates excess stock.,Trim order to 200 units accounting for 200 units already in transit.,CHANGED,200,open_purchase_orders; current_stock; supplier_lead_time_days,200 units are already arriving in 3 days; placing full 400-unit order locks up unnecessary cash.,Single pass misses pipeline PO. DecisionGuard cross-checks open shipments and avoids duplicate purchase.
CASE-SYNTH-064,SYNTHETIC-DEMO-DATASET-V1,SKU-SYNTH-064,High Demand Component with In-Transit PO 6,Electronics,40,50,140,280,10.0,12,12,22.0,59.99,50,Semicon Global Logistics,0.92,0.92,720,0.4,200,Open PO #4092 arriving in 3 days,Open PO of 200 units arriving in 3 days. Naive reorder creates excess stock.,Trim order to 200 units accounting for 200 units already in transit.,CHANGED,200,open_purchase_orders; current_stock; supplier_lead_time_days,200 units are already arriving in 3 days; placing full 400-unit order locks up unnecessary cash.,Single pass misses pipeline PO. DecisionGuard cross-checks open shipments and avoids duplicate purchase.
CASE-SYNTH-065,SYNTHETIC-DEMO-DATASET-V1,SKU-SYNTH-065,High Demand Component with In-Transit PO 7,Electronics,40,50,140,280,10.0,12,12,22.0,59.99,50,Semicon Global Logistics,0.92,0.92,720,0.4,200,Open PO #4092 arriving in 3 days,Open PO of 200 units arriving in 3 days. Naive reorder creates excess stock.,Trim order to 200 units accounting for 200 units already in transit.,CHANGED,200,open_purchase_orders; current_stock; supplier_lead_time_days,200 units are already arriving in 3 days; placing full 400-unit order locks up unnecessary cash.,Single pass misses pipeline PO. DecisionGuard cross-checks open shipments and avoids duplicate purchase.
CASE-SYNTH-066,SYNTHETIC-DEMO-DATASET-V1,SKU-SYNTH-066,High Demand Component with In-Transit PO 8,Electronics,40,50,140,280,10.0,12,12,22.0,59.99,50,Semicon Global Logistics,0.92,0.92,720,0.4,200,Open PO #4092 arriving in 3 days,Open PO of 200 units arriving in 3 days. Naive reorder creates excess stock.,Trim order to 200 units accounting for 200 units already in transit.,CHANGED,200,open_purchase_orders; current_stock; supplier_lead_time_days,200 units are already arriving in 3 days; placing full 400-unit order locks up unnecessary cash.,Single pass misses pipeline PO. DecisionGuard cross-checks open shipments and avoids duplicate purchase.
CASE-SYNTH-067,SYNTHETIC-DEMO-DATASET-V1,SKU-SYNTH-067,High Demand Component with In-Transit PO 9,Electronics,40,50,140,280,10.0,12,12,22.0,59.99,50,Semicon Global Logistics,0.92,0.92,720,0.4,200,Open PO #4092 arriving in 3 days,Open PO of 200 units arriving in 3 days. Naive reorder creates excess stock.,Trim order to 200 units accounting for 200 units already in transit.,CHANGED,200,open_purchase_orders; current_stock; supplier_lead_time_days,200 units are already arriving in 3 days; placing full 400-unit order locks up unnecessary cash.,Single pass misses pipeline PO. DecisionGuard cross-checks open shipments and avoids duplicate purchase.
CASE-SYNTH-068,SYNTHETIC-DEMO-DATASET-V1,SKU-SYNTH-068,High Demand Component with In-Transit PO 10,Electronics,40,50,140,280,10.0,12,12,22.0,59.99,50,Semicon Global Logistics,0.92,0.92,720,0.4,200,Open PO #4092 arriving in 3 days,Open PO of 200 units arriving in 3 days. Naive reorder creates excess stock.,Trim order to 200 units accounting for 200 units already in transit.,CHANGED,200,open_purchase_orders; current_stock; supplier_lead_time_days,200 units are already arriving in 3 days; placing full 400-unit order locks up unnecessary cash.,Single pass misses pipeline PO. DecisionGuard cross-checks open shipments and avoids duplicate purchase.
CASE-SYNTH-069,SYNTHETIC-DEMO-DATASET-V1,SKU-SYNTH-069,Apparel Item with Promo Return Outlier 1,Apparel,60,40,150,300,15.0,8,8,35.0,79.99,30,Textile Trends International,0.91,0.91,180,1.2,0,Post-holiday return spike normalized,Recent demand spike was a one-time flash event; baseline run rate is only 5 units/day.,Adjust order down to 150 units accounting for normalized baseline run rate.,CHANGED,150,daily_velocity; notes; upcoming_event,"15 units/day velocity reflects transient flash promo, risking over-stocking post-event.",DecisionGuard identifies temporary demand artifact and calibrates quantity to sustainable level.
CASE-SYNTH-070,SYNTHETIC-DEMO-DATASET-V1,SKU-SYNTH-070,Apparel Item with Promo Return Outlier 2,Apparel,60,40,150,300,15.0,8,8,35.0,79.99,30,Textile Trends International,0.91,0.91,180,1.2,0,Post-holiday return spike normalized,Recent demand spike was a one-time flash event; baseline run rate is only 5 units/day.,Adjust order down to 150 units accounting for normalized baseline run rate.,CHANGED,150,daily_velocity; notes; upcoming_event,"15 units/day velocity reflects transient flash promo, risking over-stocking post-event.",DecisionGuard identifies temporary demand artifact and calibrates quantity to sustainable level.
CASE-SYNTH-071,SYNTHETIC-DEMO-DATASET-V1,SKU-SYNTH-071,Apparel Item with Promo Return Outlier 3,Apparel,60,40,150,300,15.0,8,8,35.0,79.99,30,Textile Trends International,0.91,0.91,180,1.2,0,Post-holiday return spike normalized,Recent demand spike was a one-time flash event; baseline run rate is only 5 units/day.,Adjust order down to 150 units accounting for normalized baseline run rate.,CHANGED,150,daily_velocity; notes; upcoming_event,"15 units/day velocity reflects transient flash promo, risking over-stocking post-event.",DecisionGuard identifies temporary demand artifact and calibrates quantity to sustainable level.
CASE-SYNTH-072,SYNTHETIC-DEMO-DATASET-V1,SKU-SYNTH-072,Apparel Item with Promo Return Outlier 4,Apparel,60,40,150,300,15.0,8,8,35.0,79.99,30,Textile Trends International,0.91,0.91,180,1.2,0,Post-holiday return spike normalized,Recent demand spike was a one-time flash event; baseline run rate is only 5 units/day.,Adjust order down to 150 units accounting for normalized baseline run rate.,CHANGED,150,daily_velocity; notes; upcoming_event,"15 units/day velocity reflects transient flash promo, risking over-stocking post-event.",DecisionGuard identifies temporary demand artifact and calibrates quantity to sustainable level.
CASE-SYNTH-073,SYNTHETIC-DEMO-DATASET-V1,SKU-SYNTH-073,Apparel Item with Promo Return Outlier 5,Apparel,60,40,150,300,15.0,8,8,35.0,79.99,30,Textile Trends International,0.91,0.91,180,1.2,0,Post-holiday return spike normalized,Recent demand spike was a one-time flash event; baseline run rate is only 5 units/day.,Adjust order down to 150 units accounting for normalized baseline run rate.,CHANGED,150,daily_velocity; notes; upcoming_event,"15 units/day velocity reflects transient flash promo, risking over-stocking post-event.",DecisionGuard identifies temporary demand artifact and calibrates quantity to sustainable level.
CASE-SYNTH-074,SYNTHETIC-DEMO-DATASET-V1,SKU-SYNTH-074,Apparel Item with Promo Return Outlier 6,Apparel,60,40,150,300,15.0,8,8,35.0,79.99,30,Textile Trends International,0.91,0.91,180,1.2,0,Post-holiday return spike normalized,Recent demand spike was a one-time flash event; baseline run rate is only 5 units/day.,Adjust order down to 150 units accounting for normalized baseline run rate.,CHANGED,150,daily_velocity; notes; upcoming_event,"15 units/day velocity reflects transient flash promo, risking over-stocking post-event.",DecisionGuard identifies temporary demand artifact and calibrates quantity to sustainable level.
CASE-SYNTH-075,SYNTHETIC-DEMO-DATASET-V1,SKU-SYNTH-075,Apparel Item with Promo Return Outlier 7,Apparel,60,40,150,300,15.0,8,8,35.0,79.99,30,Textile Trends International,0.91,0.91,180,1.2,0,Post-holiday return spike normalized,Recent demand spike was a one-time flash event; baseline run rate is only 5 units/day.,Adjust order down to 150 units accounting for normalized baseline run rate.,CHANGED,150,daily_velocity; notes; upcoming_event,"15 units/day velocity reflects transient flash promo, risking over-stocking post-event.",DecisionGuard identifies temporary demand artifact and calibrates quantity to sustainable level.
CASE-SYNTH-076,SYNTHETIC-DEMO-DATASET-V1,SKU-SYNTH-076,Critical Chemical Reagent 1,Chemicals,15,40,90,250,6.0,21,21,42.0,110.0,50,Unreliable ChemSource Vendor 1,0.65,0.65,120,2.0,0,Supplier under audit for repeated SLA defaults,Severe supplier unreliability (65% SLA). Deliveries delayed by 15+ days.,Flag as UNCERTAIN; require human procurement confirmation or dual-vendor sourcing.,UNCERTAIN,0,supplier_reliability_score; supplier_lead_time_days; supplier_name,Placing single large order with vendor at 65% SLA risks severe capital tie-up and stockout.,Single pass ignores vendor risk score. DecisionGuard appropriately flags UNCERTAIN.
CASE-SYNTH-077,SYNTHETIC-DEMO-DATASET-V1,SKU-SYNTH-077,Critical Chemical Reagent 2,Chemicals,15,40,90,250,6.0,21,21,42.0,110.0,50,Unreliable ChemSource Vendor 2,0.68,0.68,120,2.0,0,Supplier under audit for repeated SLA defaults,Severe supplier unreliability (68% SLA). Deliveries delayed by 15+ days.,Flag as UNCERTAIN; require human procurement confirmation or dual-vendor sourcing.,UNCERTAIN,0,supplier_reliability_score; supplier_lead_time_days; supplier_name,Placing single large order with vendor at 68% SLA risks severe capital tie-up and stockout.,Single pass ignores vendor risk score. DecisionGuard appropriately flags UNCERTAIN.
CASE-SYNTH-078,SYNTHETIC-DEMO-DATASET-V1,SKU-SYNTH-078,Critical Chemical Reagent 3,Chemicals,15,40,90,250,6.0,21,21,42.0,110.0,50,Unreliable ChemSource Vendor 3,0.71,0.71,120,2.0,0,Supplier under audit for repeated SLA defaults,Severe supplier unreliability (71% SLA). Deliveries delayed by 15+ days.,Flag as UNCERTAIN; require human procurement confirmation or dual-vendor sourcing.,UNCERTAIN,0,supplier_reliability_score; supplier_lead_time_days; supplier_name,Placing single large order with vendor at 71% SLA risks severe capital tie-up and stockout.,Single pass ignores vendor risk score. DecisionGuard appropriately flags UNCERTAIN.
CASE-SYNTH-079,SYNTHETIC-DEMO-DATASET-V1,SKU-SYNTH-079,Critical Chemical Reagent 4,Chemicals,15,40,90,250,6.0,21,21,42.0,110.0,50,Unreliable ChemSource Vendor 4,0.74,0.74,120,2.0,0,Supplier under audit for repeated SLA defaults,Severe supplier unreliability (74% SLA). Deliveries delayed by 15+ days.,Flag as UNCERTAIN; require human procurement confirmation or dual-vendor sourcing.,UNCERTAIN,0,supplier_reliability_score; supplier_lead_time_days; supplier_name,Placing single large order with vendor at 74% SLA risks severe capital tie-up and stockout.,Single pass ignores vendor risk score. DecisionGuard appropriately flags UNCERTAIN.
CASE-SYNTH-080,SYNTHETIC-DEMO-DATASET-V1,SKU-SYNTH-080,Critical Chemical Reagent 5,Chemicals,15,40,90,250,6.0,21,21,42.0,110.0,50,Unreliable ChemSource Vendor 5,0.65,0.65,120,2.0,0,Supplier under audit for repeated SLA defaults,Severe supplier unreliability (65% SLA). Deliveries delayed by 15+ days.,Flag as UNCERTAIN; require human procurement confirmation or dual-vendor sourcing.,UNCERTAIN,0,supplier_reliability_score; supplier_lead_time_days; supplier_name,Placing single large order with vendor at 65% SLA risks severe capital tie-up and stockout.,Single pass ignores vendor risk score. DecisionGuard appropriately flags UNCERTAIN.
CASE-SYNTH-081,SYNTHETIC-DEMO-DATASET-V1,SKU-SYNTH-081,Critical Chemical Reagent 6,Chemicals,15,40,90,250,6.0,21,21,42.0,110.0,50,Unreliable ChemSource Vendor 6,0.68,0.68,120,2.0,0,Supplier under audit for repeated SLA defaults,Severe supplier unreliability (68% SLA). Deliveries delayed by 15+ days.,Flag as UNCERTAIN; require human procurement confirmation or dual-vendor sourcing.,UNCERTAIN,0,supplier_reliability_score; supplier_lead_time_days; supplier_name,Placing single large order with vendor at 68% SLA risks severe capital tie-up and stockout.,Single pass ignores vendor risk score. DecisionGuard appropriately flags UNCERTAIN.
CASE-SYNTH-082,SYNTHETIC-DEMO-DATASET-V1,SKU-SYNTH-082,Critical Chemical Reagent 7,Chemicals,15,40,90,250,6.0,21,21,42.0,110.0,50,Unreliable ChemSource Vendor 7,0.71,0.71,120,2.0,0,Supplier under audit for repeated SLA defaults,Severe supplier unreliability (71% SLA). Deliveries delayed by 15+ days.,Flag as UNCERTAIN; require human procurement confirmation or dual-vendor sourcing.,UNCERTAIN,0,supplier_reliability_score; supplier_lead_time_days; supplier_name,Placing single large order with vendor at 71% SLA risks severe capital tie-up and stockout.,Single pass ignores vendor risk score. DecisionGuard appropriately flags UNCERTAIN.
CASE-SYNTH-083,SYNTHETIC-DEMO-DATASET-V1,SKU-SYNTH-083,Critical Chemical Reagent 8,Chemicals,15,40,90,250,6.0,21,21,42.0,110.0,50,Unreliable ChemSource Vendor 8,0.74,0.74,120,2.0,0,Supplier under audit for repeated SLA defaults,Severe supplier unreliability (74% SLA). Deliveries delayed by 15+ days.,Flag as UNCERTAIN; require human procurement confirmation or dual-vendor sourcing.,UNCERTAIN,0,supplier_reliability_score; supplier_lead_time_days; supplier_name,Placing single large order with vendor at 74% SLA risks severe capital tie-up and stockout.,Single pass ignores vendor risk score. DecisionGuard appropriately flags UNCERTAIN.
CASE-SYNTH-084,SYNTHETIC-DEMO-DATASET-V1,SKU-SYNTH-084,Critical Chemical Reagent 9,Chemicals,15,40,90,250,6.0,21,21,42.0,110.0,50,Unreliable ChemSource Vendor 9,0.65,0.65,120,2.0,0,Supplier under audit for repeated SLA defaults,Severe supplier unreliability (65% SLA). Deliveries delayed by 15+ days.,Flag as UNCERTAIN; require human procurement confirmation or dual-vendor sourcing.,UNCERTAIN,0,supplier_reliability_score; supplier_lead_time_days; supplier_name,Placing single large order with vendor at 65% SLA risks severe capital tie-up and stockout.,Single pass ignores vendor risk score. DecisionGuard appropriately flags UNCERTAIN.
CASE-SYNTH-085,SYNTHETIC-DEMO-DATASET-V1,SKU-SYNTH-085,Critical Chemical Reagent 10,Chemicals,15,40,90,250,6.0,21,21,42.0,110.0,50,Unreliable ChemSource Vendor 10,0.68,0.68,120,2.0,0,Supplier under audit for repeated SLA defaults,Severe supplier unreliability (68% SLA). Deliveries delayed by 15+ days.,Flag as UNCERTAIN; require human procurement confirmation or dual-vendor sourcing.,UNCERTAIN,0,supplier_reliability_score; supplier_lead_time_days; supplier_name,Placing single large order with vendor at 68% SLA risks severe capital tie-up and stockout.,Single pass ignores vendor risk score. DecisionGuard appropriately flags UNCERTAIN.
CASE-SYNTH-086,SYNTHETIC-DEMO-DATASET-V1,SKU-SYNTH-086,New Telemetry Unregistered Item 1,Office Supplies,10,25,50,100,0.0,1,1,18.0,45.0,20,Alpha Stationers,0.85,0.85,,0.3,0,None,Missing sales velocity or lead-time telemetry; newly listed product.,Flag as UNCERTAIN due to missing essential velocity/lead time telemetry.,UNCERTAIN,0,daily_velocity; supplier_lead_time_days,Cannot compute mathematical runway without valid positive sales velocity.,Single pass divides by zero or guesses. DecisionGuard safely abstains with UNCERTAIN.
CASE-SYNTH-087,SYNTHETIC-DEMO-DATASET-V1,SKU-SYNTH-087,New Telemetry Unregistered Item 2,Office Supplies,10,25,50,100,0.01,0,0,18.0,45.0,20,Alpha Stationers,0.85,0.85,,0.3,0,None,Missing sales velocity or lead-time telemetry; newly listed product.,Flag as UNCERTAIN due to missing essential velocity/lead time telemetry.,UNCERTAIN,0,daily_velocity; supplier_lead_time_days,Cannot compute mathematical runway without valid positive sales velocity.,Single pass divides by zero or guesses. DecisionGuard safely abstains with UNCERTAIN.
CASE-SYNTH-088,SYNTHETIC-DEMO-DATASET-V1,SKU-SYNTH-088,New Telemetry Unregistered Item 3,Office Supplies,10,25,50,100,0.0,1,1,18.0,45.0,20,Alpha Stationers,0.85,0.85,,0.3,0,None,Missing sales velocity or lead-time telemetry; newly listed product.,Flag as UNCERTAIN due to missing essential velocity/lead time telemetry.,UNCERTAIN,0,daily_velocity; supplier_lead_time_days,Cannot compute mathematical runway without valid positive sales velocity.,Single pass divides by zero or guesses. DecisionGuard safely abstains with UNCERTAIN.
CASE-SYNTH-089,SYNTHETIC-DEMO-DATASET-V1,SKU-SYNTH-089,New Telemetry Unregistered Item 4,Office Supplies,10,25,50,100,0.01,1,1,18.0,45.0,20,Alpha Stationers,0.85,0.85,,0.3,0,None,Missing sales velocity or lead-time telemetry; newly listed product.,Flag as UNCERTAIN due to missing essential velocity/lead time telemetry.,UNCERTAIN,0,daily_velocity; supplier_lead_time_days,Cannot compute mathematical runway without valid positive sales velocity.,Single pass divides by zero or guesses. DecisionGuard safely abstains with UNCERTAIN.
CASE-SYNTH-090,SYNTHETIC-DEMO-DATASET-V1,SKU-SYNTH-090,New Telemetry Unregistered Item 5,Office Supplies,10,25,50,100,0.0,0,0,18.0,45.0,20,Alpha Stationers,0.85,0.85,,0.3,0,None,Missing sales velocity or lead-time telemetry; newly listed product.,Flag as UNCERTAIN due to missing essential velocity/lead time telemetry.,UNCERTAIN,0,daily_velocity; supplier_lead_time_days,Cannot compute mathematical runway without valid positive sales velocity.,Single pass divides by zero or guesses. DecisionGuard safely abstains with UNCERTAIN.
CASE-SYNTH-091,SYNTHETIC-DEMO-DATASET-V1,SKU-SYNTH-091,New Telemetry Unregistered Item 6,Office Supplies,10,25,50,100,0.01,1,1,18.0,45.0,20,Alpha Stationers,0.85,0.85,,0.3,0,None,Missing sales velocity or lead-time telemetry; newly listed product.,Flag as UNCERTAIN due to missing essential velocity/lead time telemetry.,UNCERTAIN,0,daily_velocity; supplier_lead_time_days,Cannot compute mathematical runway without valid positive sales velocity.,Single pass divides by zero or guesses. DecisionGuard safely abstains with UNCERTAIN.
CASE-SYNTH-092,SYNTHETIC-DEMO-DATASET-V1,SKU-SYNTH-092,New Telemetry Unregistered Item 7,Office Supplies,10,25,50,100,0.0,1,1,18.0,45.0,20,Alpha Stationers,0.85,0.85,,0.3,0,None,Missing sales velocity or lead-time telemetry; newly listed product.,Flag as UNCERTAIN due to missing essential velocity/lead time telemetry.,UNCERTAIN,0,daily_velocity; supplier_lead_time_days,Cannot compute mathematical runway without valid positive sales velocity.,Single pass divides by zero or guesses. DecisionGuard safely abstains with UNCERTAIN.
CASE-SYNTH-093,SYNTHETIC-DEMO-DATASET-V1,SKU-SYNTH-093,New Telemetry Unregistered Item 8,Office Supplies,10,25,50,100,0.01,0,0,18.0,45.0,20,Alpha Stationers,0.85,0.85,,0.3,0,None,Missing sales velocity or lead-time telemetry; newly listed product.,Flag as UNCERTAIN due to missing essential velocity/lead time telemetry.,UNCERTAIN,0,daily_velocity; supplier_lead_time_days,Cannot compute mathematical runway without valid positive sales velocity.,Single pass divides by zero or guesses. DecisionGuard safely abstains with UNCERTAIN.
CASE-SYNTH-094,SYNTHETIC-DEMO-DATASET-V1,SKU-SYNTH-094,Discrepancy Audit Item 1,Cosmetics,5,30,60,150,5.0,10,10,55.0,129.99,30,BioGlam Laboratories,0.76,0.76,180,0.6,0,Discrepancy: Physical warehouse count (5) conflicts with ERP (150),Major inventory discrepancy under investigation; stock balance unverified.,Flag as UNCERTAIN until cycle count discrepancy is reconciled.,UNCERTAIN,0,current_stock; notes; supplier_reliability_score,Placing PO when system record is unverified risks severe double-ordering or misallocation.,DecisionGuard identifies inventory mismatch friction and marks UNCERTAIN.
CASE-SYNTH-095,SYNTHETIC-DEMO-DATASET-V1,SKU-SYNTH-095,Discrepancy Audit Item 2,Cosmetics,5,30,60,150,5.0,10,10,55.0,129.99,30,BioGlam Laboratories,0.76,0.76,180,0.6,0,Discrepancy: Physical warehouse count (5) conflicts with ERP (150),Major inventory discrepancy under investigation; stock balance unverified.,Flag as UNCERTAIN until cycle count discrepancy is reconciled.,UNCERTAIN,0,current_stock; notes; supplier_reliability_score,Placing PO when system record is unverified risks severe double-ordering or misallocation.,DecisionGuard identifies inventory mismatch friction and marks UNCERTAIN.
CASE-SYNTH-096,SYNTHETIC-DEMO-DATASET-V1,SKU-SYNTH-096,Discrepancy Audit Item 3,Cosmetics,5,30,60,150,5.0,10,10,55.0,129.99,30,BioGlam Laboratories,0.76,0.76,180,0.6,0,Discrepancy: Physical warehouse count (5) conflicts with ERP (150),Major inventory discrepancy under investigation; stock balance unverified.,Flag as UNCERTAIN until cycle count discrepancy is reconciled.,UNCERTAIN,0,current_stock; notes; supplier_reliability_score,Placing PO when system record is unverified risks severe double-ordering or misallocation.,DecisionGuard identifies inventory mismatch friction and marks UNCERTAIN.
CASE-SYNTH-097,SYNTHETIC-DEMO-DATASET-V1,SKU-SYNTH-097,Discrepancy Audit Item 4,Cosmetics,5,30,60,150,5.0,10,10,55.0,129.99,30,BioGlam Laboratories,0.76,0.76,180,0.6,0,Discrepancy: Physical warehouse count (5) conflicts with ERP (150),Major inventory discrepancy under investigation; stock balance unverified.,Flag as UNCERTAIN until cycle count discrepancy is reconciled.,UNCERTAIN,0,current_stock; notes; supplier_reliability_score,Placing PO when system record is unverified risks severe double-ordering or misallocation.,DecisionGuard identifies inventory mismatch friction and marks UNCERTAIN.
CASE-SYNTH-098,SYNTHETIC-DEMO-DATASET-V1,SKU-SYNTH-098,Discrepancy Audit Item 5,Cosmetics,5,30,60,150,5.0,10,10,55.0,129.99,30,BioGlam Laboratories,0.76,0.76,180,0.6,0,Discrepancy: Physical warehouse count (5) conflicts with ERP (150),Major inventory discrepancy under investigation; stock balance unverified.,Flag as UNCERTAIN until cycle count discrepancy is reconciled.,UNCERTAIN,0,current_stock; notes; supplier_reliability_score,Placing PO when system record is unverified risks severe double-ordering or misallocation.,DecisionGuard identifies inventory mismatch friction and marks UNCERTAIN.
CASE-SYNTH-099,SYNTHETIC-DEMO-DATASET-V1,SKU-SYNTH-099,Discrepancy Audit Item 6,Cosmetics,5,30,60,150,5.0,10,10,55.0,129.99,30,BioGlam Laboratories,0.76,0.76,180,0.6,0,Discrepancy: Physical warehouse count (5) conflicts with ERP (150),Major inventory discrepancy under investigation; stock balance unverified.,Flag as UNCERTAIN until cycle count discrepancy is reconciled.,UNCERTAIN,0,current_stock; notes; supplier_reliability_score,Placing PO when system record is unverified risks severe double-ordering or misallocation.,DecisionGuard identifies inventory mismatch friction and marks UNCERTAIN.
CASE-SYNTH-100,SYNTHETIC-DEMO-DATASET-V1,SKU-SYNTH-100,Discrepancy Audit Item 7,Cosmetics,5,30,60,150,5.0,10,10,55.0,129.99,30,BioGlam Laboratories,0.76,0.76,180,0.6,0,Discrepancy: Physical warehouse count (5) conflicts with ERP (150),Major inventory discrepancy under investigation; stock balance unverified.,Flag as UNCERTAIN until cycle count discrepancy is reconciled.,UNCERTAIN,0,current_stock; notes; supplier_reliability_score,Placing PO when system record is unverified risks severe double-ordering or misallocation.,DecisionGuard identifies inventory mismatch friction and marks UNCERTAIN.
